Index,BMW.DE.Open,BMW.DE.High,BMW.DE.Low,BMW.DE.Close,BMW.DE.Volume,BMW.DE.Adjusted
1,31.82,32.455002,31.82,32.049999,1808170,21.724628
2,31.959999,32.41,31.785,32.310001,1564182,21.900867
3,32.450001,33.040001,32.360001,32.810001,2218604,22.239786
4,32.650002,33.200001,32.380001,33.099998,2026145,22.436354
5,33.334999,33.43,32.514999,32.654999,1925894,22.13472
6,32.994999,33.049999,32.110001,32.169998,2157825,21.805967
7,32.255001,32.259998,31.1,31.235001,3181836,21.172192
8,31.035,31.525,31.01,31.424999,2260311,21.300983
9,31.610001,32.18,31.5,31.889999,2820510,21.616173
10,32.049999,32.130001,31.365,31.629999,2749408,21.439938
11,31.82,32.119999,31.43,32.099998,1491142,21.75852
12,32.330002,32.450001,31.645,32.43,2637665,21.982212
13,32.299999,32.389999,31.665001,31.799999,2544577,21.55517
14,32,32.189999,31.155001,31.155001,3245845,21.117968
15,31.139999,31.370001,30.315001,30.700001,3337230,20.809551
16,30.309999,30.790001,30.049999,30.139999,1893425,20.429962
17,30,30.530001,29.4,30.254999,2930841,20.507915
18,29.93,30.139999,29.379999,29.59,2995119,20.057156
19,29.950001,30.285,29.485001,29.549999,4794578,20.030041
20,29.9,31.295,29.855,30.959999,4908091,20.985786
21,30.690001,31.309999,30.559999,31.065001,2392304,21.056963
22,31.049999,31.280001,30.575001,31.174999,2398928,21.131523
23,31.280001,31.775,31.014999,31.225,2343686,21.165417
24,31.315001,31.530001,30.209999,30.334999,2473082,20.56214
25,30.245001,30.285,29.434999,29.92,3436881,20.280836
26,29.995001,30.450001,29.334999,29.610001,3359803,20.070709
27,29.754999,30.07,29.35,29.625,2235562,20.080879
28,29.889999,30.120001,29.549999,29.665001,2197514,20.107988
29,29.805,29.870001,29.02,29.49,3076313,19.989372
30,29.59,29.844999,28.280001,29,3832336,19.65723
31,29,29.290001,28.459999,28.65,2088003,19.419989
32,28.9,29.450001,28.6,29.405001,2560619,19.931757
33,29.68,29.775,29.35,29.615,2157337,20.074099
34,29.58,29.764999,28.455,29.415001,4277152,19.938534
35,29.219999,30.434999,29.01,30.434999,3241132,20.629925
36,30.645,30.665001,30.059999,30.26,2163162,20.511305
37,30.35,30.525,29.535,29.690001,2331493,20.124937
38,29.790001,29.870001,29.18,29.485001,2161768,19.985981
39,29.245001,29.815001,29.055,29.375,2173803,19.911421
40,29.695,30,29.549999,29.785,2098213,20.189335
41,30.205,30.575001,29.950001,30.445,1927504,20.636702
42,30.57,31.469999,30.485001,31.34,2630272,21.243366
43,31.4,31.76,31.08,31.65,1971953,21.453495
44,31.5,31.799999,31.344999,31.559999,1842357,21.392492
45,31.629999,32.450001,31.629999,32.365002,2465696,21.93815
46,32.404999,32.540001,31.809999,31.99,2206491,21.68396
47,31.834999,32.290001,31.575001,32.130001,2367379,21.778854
48,32.060001,32.330002,31.809999,32.264999,2312507,21.870361
49,32.165001,33.255001,32.16,32.689999,4103340,22.158443
50,32.849998,32.939999,32.435001,32.540001,1901660,22.05677
51,32.619999,32.915001,32.540001,32.639999,1691864,22.124554
52,32.775002,32.965,32.549999,32.755001,1592199,22.202507
53,32.830002,33.040001,32.450001,32.470001,2630644,22.009319
54,32.43,32.560001,31.98,32.105,2789460,21.761909
55,32.424999,32.490002,32.02,32.060001,4417910,21.731411
56,31.92,32.654999,31.870001,32.5,3021932,22.029657
57,32.695,33.445,32.610001,33.150002,4092777,22.470251
58,33.330002,33.505001,32.919998,33.375,2363979,22.622761
59,33.5,34.095001,33.494999,34.040001,2624975,23.073523
60,33.945,34.345001,33.805,34.200001,2849826,23.181976
61,34.404999,34.73,34.005001,34.115002,2104449,23.124361
62,34.264999,34.43,33.709999,33.785,1781874,22.900673
63,33.880001,34.290001,33.779999,34.18,2505019,23.168417
64,35.110001,35.490002,34.970001,35.154999,3985778,23.829311
65,35.400002,35.450001,35.154999,35.41,2823141,24.002157
66,35.34,35.41,34.77,34.799999,2156558,23.588678
67,34.799999,35.055,34.439999,34.529999,2398002,23.405661
68,34.884998,35.049999,34.639999,34.860001,1429403,23.629349
69,35.25,35.389999,34.985001,35.119999,1758587,23.805584
70,35.060001,35.384998,34.880001,35.349998,2266579,23.961485
71,35.060001,35.584999,34.880001,35.514999,2856435,24.07333
72,35.59,35.610001,35.09,35.330002,2295534,23.947931
73,35.154999,36.195,35.150002,35.560001,4085667,24.10383
74,35.450001,35.785,35.105,35.310001,1896120,23.934374
75,36.560001,37.075001,36.41,36.794998,4193208,24.940958
76,36.75,36.994999,36.369999,36.580002,2683826,24.795227
77,36.630001,37.115002,35.93,36.25,2762554,24.571537
78,36.599998,37.400002,36.334999,37.279999,2459043,25.269705
79,37.599998,37.855,37.259998,37.82,1791218,25.63574
80,37.849998,37.959999,37.060001,37.060001,3196634,25.120586
81,36.799999,37.279999,36.139999,36.790001,3939605,24.937571
82,36.700001,36.904999,36.185001,36.775002,2643682,24.927404
83,36.834999,37.619999,36.700001,37.130001,2191017,25.168034
84,37.080002,37.5,36.720001,37.380001,1184196,25.337496
85,37.505001,37.564999,35.380001,35.84,3500538,24.293627
86,36.610001,36.619999,35.419998,35.98,3411471,24.388523
87,35.450001,37.380001,35.450001,36.419998,4517281,24.686771
88,35.779999,36.904999,35.049999,35.48,6723404,24.049604
89,36.23,37.740002,36.200001,37.68,5326535,25.540844
90,36.869999,38.195,36.73,38.18,4071608,25.879763
91,37.970001,39.349998,37.735001,39,4120677,26.435587
92,39.349998,40.064999,39.154999,39.52,3335344,26.788059
93,39.415001,39.880001,38.459999,38.619999,4142366,26.178009
94,38.380001,39.59,38.25,38.715,3498406,26.242407
95,39.099998,39.650002,38.895,39.650002,3213427,26.876177
96,38.150002,38.700001,36.974998,37,6910234,25.271122
97,37.445,37.549999,35.43,36.18,4993332,24.711061
98,36.200001,36.57,35.279999,36.025002,4982594,24.6052
99,36.299999,36.384998,35.41,36.139999,2408977,24.683741
100,35.560001,35.669998,34.639999,35.290001,4150248,24.103186
101,35.799999,36.32,35.5,35.759998,2882400,24.424198
102,36.299999,37.330002,36.055,37.205002,2629638,25.41114
103,37.419998,37.884998,37.02,37.674999,1987186,25.732149
104,37.57,38.09,37.490002,37.965,738797,25.93022
105,37.959999,38.380001,36.98,38.064999,2471029,25.998524
106,37.799999,38.455002,37.369999,38.455002,2174924,26.264896
107,39.240002,39.549999,38.945,39.220001,2429831,26.78739
108,39.349998,39.400002,37.82,38.105,3216762,26.025841
109,37.400002,38.549999,37.400002,38.235001,2410156,26.11463
110,38.330002,38.544998,37.310001,37.68,2654521,25.735563
111,37.849998,38.98,37.759998,38.91,2125625,26.575659
112,38.849998,40.919998,38.68,40.654999,4243400,27.7675
113,40.950001,41.27,39.715,40.084999,2650947,27.378189
114,40.59,40.849998,39.564999,39.755001,3005447,27.152796
115,39.349998,40.049999,39.34,39.845001,2071220,27.214264
116,40.18,40.41,38.799999,39.029999,3164118,26.657618
117,38.91,39.955002,38.735001,39.700001,2322052,27.115227
118,39.849998,40.869999,39.82,40.705002,4596807,27.801655
119,41.700001,42.325001,41.43,41.799999,3087797,28.549536
120,41.549999,41.884998,41.060001,41.514999,2050444,28.354881
121,41.110001,42.014999,41.07,41.485001,2218170,28.334391
122,41.974998,42.189999,41.25,41.360001,2920482,28.249018
123,41.360001,41.380001,40.220001,40.360001,2935228,27.566013
124,40.66,41.639999,40.360001,41.259998,2537765,28.180716
125,40.84,40.884998,39.865002,39.900002,2152706,27.251835
126,40.095001,40.610001,39.799999,40.064999,2504803,27.364527
127,39.560001,39.560001,38.080002,38.200001,3890777,26.090729
128,38.830002,39.200001,37.794998,37.884998,2849023,25.87558
129,38.099998,38.529999,37.91,38.110001,1294605,26.029253
130,38.294998,39.27,38.294998,39,1825517,26.637129
131,38.700001,39.869999,38.615002,39.75,2640764,27.14938
132,39.619999,39.974998,38.865002,38.91,3162224,26.575659
133,39.299999,39.389999,38.605,39.150002,2305584,26.739582
134,39.299999,39.299999,38.865002,38.904999,1377886,26.572243
135,39,42.139999,39,42.130001,7966100,28.774933
136,42.419998,42.705002,40.990002,41.544998,5267683,28.375374
137,41.75,42.939999,41.360001,42.259998,4938556,28.863718
138,42.259998,43.294998,41.799999,42.150002,3863548,28.788593
139,41.849998,42.09,41.169998,41.355,2146857,28.2456
140,42,42.119999,40.595001,41.07,2504088,28.050951
141,41.299999,41.799999,40.610001,40.919998,2125655,27.948496
142,40.834999,42.349998,40.790001,41.965,2283699,28.662235
143,41.950001,42.235001,41.575001,41.990002,1841633,28.67931
144,42.169998,42.290001,41.610001,42.110001,1792961,28.761271
145,42.244999,42.490002,41.209999,41.5,2715157,28.344637
146,41.68,41.880001,40.41,40.720001,2398214,27.811895
147,40.77,41.215,40.395,40.715,1836693,27.808483
148,40.439999,41.400002,39.955002,41.310001,2294551,28.21487
149,41.459999,42.009998,41.02,41.869999,1870081,28.597347
150,42.75,44.044998,42.75,43.16,5021385,29.478422
151,43.139999,43.830002,42.490002,43.68,3052287,29.833582
152,43.685001,44.994999,43.474998,44.514999,3169618,30.403893
153,44.900002,45.380001,43.720001,43.900002,3207298,29.983849
154,44.490002,44.599998,43.974998,44.305,1443586,30.260462
155,44.349998,44.400002,43.145,43.345001,2134409,29.604778
156,43.049999,43.080002,42.330002,42.395,1610870,28.955925
157,42.299999,42.915001,40.785,41.900002,3412914,28.61784
158,42.02,42.224998,41.285,41.884998,2245662,28.607595
159,42.084999,42.294998,41.395,41.810001,1406962,28.55637
160,41.810001,43.099998,41.740002,43.099998,3108515,29.437441
161,43.02,43.59,42.764999,43.5,2090243,29.710642
162,43.68,44.07,42.66,42.84,2651955,29.259859
163,42.84,42.919998,41.744999,41.869999,2253678,28.597347
164,42,42.310001,41.595001,41.860001,1441990,28.590519
165,41.560001,41.759998,41.099998,41.52,1542276,28.358301
166,41.224998,41.970001,40.830002,41.435001,2596844,28.300247
167,41.560001,41.959999,41.349998,41.685001,1900537,28.470995
168,41.599998,41.810001,40.740002,41.759998,1977177,28.522219
169,41.764999,41.895,40.939999,41.205002,1122612,28.14315
170,40.5,41.665001,40.154999,41.665001,2956642,28.457331
171,42,42.990002,41.380001,42.91,3248910,29.307673
172,42.639999,43.889999,42.639999,43.595001,2092487,29.77553
173,43.599998,44.525002,43.259998,44.095001,2610676,30.117029
174,44.169998,44.200001,43.470001,44.035,1336079,30.07605
175,43.974998,44.314999,43.509998,43.935001,2086932,30.007753
176,43.720001,44.990002,43.599998,44.990002,2678450,30.728321
177,44.700001,45.735001,44.514999,45.400002,3448289,31.008348
178,45,46.865002,44.985001,46.205002,4189435,31.558172
179,46.650002,47.049999,45.91,46.435001,2372940,31.715258
180,46.299999,47.119999,46.205002,47.119999,2823383,32.183109
181,46.98,47.555,46.880001,47.25,3141028,32.271908
182,47.18,47.450001,46.82,47.349998,2649883,32.340206
183,47.810001,48.025002,47.105,47.41,14558159,32.381191
184,47.365002,49.125,47.215,49.125,4289154,33.552536
185,48.849998,49.415001,48.450001,48.48,3133084,33.112
186,48.48,48.700001,47.57,48.080002,3061832,32.838799
187,48.490002,48.695,47.485001,48.294998,2523980,32.985645
188,48.09,50.529999,48.029999,50.349998,4022665,34.389217
189,50.150002,50.349998,49.599998,50.150002,2380796,34.252621
190,49.799999,50.689999,49.314999,50.669998,2904663,34.607773
191,51,51.84,50.639999,51.060001,3464105,34.874146
192,50.900002,52.150002,50.5,51.439999,3262731,35.133686
193,51.439999,51.439999,49.125,49.299999,4764366,33.672058
194,49.055,49.189999,47.924999,48.220001,3402602,32.934425
195,48.365002,49.955002,47.82,49.955002,3168500,34.119431
196,49.77,50.049999,49.130001,49.494999,3092975,33.805252
197,49.310001,50.25,48.805,50,2722411,34.150169
198,50.259998,50.290001,49.415001,50.07,2592531,34.197975
199,50.200001,50.619999,49.82,49.869999,1506315,34.061375
200,49.439999,50.490002,49.064999,50.200001,2763409,34.28677
201,50.400002,50.490002,49.875,50.07,3817390,34.197975
202,50.5,50.5,49.740002,50,2287812,34.150169
203,50.080002,50.25,49.185001,49.450001,3689231,33.774509
204,49.23,49.415001,48.580002,49,2061426,33.467159
205,48.990002,49.695,48.84,49.115002,2259207,33.545712
206,49.09,49.605,48.895,49.599998,1796069,33.876961
207,49.540001,50.09,49.305,50.02,2292159,34.163826
208,50.189999,50.439999,49.544998,50.029999,1849862,34.170654
209,50.310001,51.02,50.200001,50.720001,2100971,34.641926
210,50.490002,50.939999,50.119999,50.439999,2354786,34.45068
211,50.040001,50.450001,49.099998,49.875,2713585,34.064789
212,50.150002,50.48,49.535,49.845001,2645875,34.0443
213,49.494999,51.650002,49.439999,51.509998,3494594,35.181503
214,51.77,52.990002,51.650002,52.959999,3194745,36.171856
215,52.700001,52.700001,52.099998,52.349998,2507747,35.755222
216,50.75,52.380001,50.650002,51.639999,5289275,35.270298
217,52.049999,54.150002,52,54.080002,3451963,36.936821
218,54.139999,54.990002,53.759998,54.060001,3309033,36.923161
219,53.689999,53.77,52.860001,53.41,1913984,36.479206
220,53.400002,54.98,53.220001,54.91,2267865,37.503708
221,54.599998,54.700001,53.330002,53.75,2259474,36.711422
222,54,54.490002,53.599998,54.419998,1720550,37.169041
223,53.330002,55.900002,52.849998,55.290001,3583731,37.763248
224,55.07,56.52,54.900002,56.060001,1951607,38.289162
225,55.68,55.830002,54.619999,54.619999,1843721,37.305637
226,54.720001,54.73,53.869999,54.299999,1664083,37.087074
227,54.959999,56.299999,54.939999,56.299999,2207875,38.453087
228,56.34,56.73,55.650002,56.669998,2652948,38.705795
229,57.330002,58.900002,57.299999,57.689999,3292362,39.402458
230,57.150002,58.619999,56.389999,56.470001,2953097,38.569199
231,57.009998,59.119999,56.48,59.119999,3316915,40.379154
232,59.099998,60,58.84,59.900002,1992241,40.9119
233,59.310001,59.759998,58.130001,59.25,2301565,40.467949
234,59.75,59.91,57.740002,57.740002,2266241,39.436615
235,57.700001,59.240002,57.220001,57.93,3330930,39.566383
236,58.349998,60.900002,58.349998,60.900002,3533953,41.594902
237,61.689999,63.799999,61.549999,63.799999,4412518,43.575611
238,63.700001,65.489998,63.48,63.689999,2999655,43.500477
239,64,64.529999,62.75,62.810001,2530327,42.899437
240,63,64.489998,62.400002,63.98,2748638,43.698551
241,63.5,63.5,61.900002,61.900002,3157849,42.277908
242,62.419998,62.66,58.880001,60.200001,5442032,41.116795
243,60.5,62.990002,60.389999,62.52,3097184,42.701366
244,62,63.439999,62,63.439999,1871774,43.329723
245,63.400002,63.439999,62.139999,62.470001,1818675,42.66721
246,62,62.830002,61.400002,62.490002,1475533,42.680878
247,62.400002,63.259998,61.790001,62.799999,1602021,42.892605
248,62.950001,63.150002,61.799999,61.950001,2848191,42.312057
249,61.900002,63.23,61.639999,63.150002,1586810,43.131657
250,63.400002,64.800003,62.919998,64.800003,1808112,44.25861
251,64.980003,65.110001,64.300003,64.370003,1257052,43.964928
252,64.550003,64.690002,63.240002,63.259998,1114917,43.206791
253,62.700001,62.700001,59.119999,59.220001,3488989,40.447453
254,59.689999,59.98,57.66,58.25,3100661,39.784946
255,58.099998,58.919998,58.080002,58.720001,1400695,40.105957
256,59.099998,59.470001,58.619999,58.849998,1077112,40.194744
257,59.259998,61.450001,59.07,61.450001,2101012,41.970554
258,61.5,61.740002,60.02,60.740002,2266190,41.485619
259,60.5,60.93,58.220001,60.029999,3913153,41.000687
260,60,61.18,59.66,59.900002,2101823,40.9119
261,59.509998,60.09,58.540001,59.310001,2776312,40.508926
262,58.799999,59.400002,58.360001,58.470001,1950108,39.935207
263,58.360001,59.990002,58.150002,59.66,2540226,40.747974
264,59.689999,60.57,58.93,59.32,2220002,40.515755
265,59.25,59.540001,57.610001,57.68,3123094,39.395634
266,57.5,59.02,56.790001,58.939999,4078219,40.256214
267,58.799999,59.5,58.220001,58.549999,1615997,39.989849
268,58.98,59.939999,58.27,58.75,3142418,40.126446
269,58.869999,58.919998,57.330002,57.860001,4434169,39.518574
270,57.57,57.700001,55.220001,55.509998,4670268,37.913513
271,55.77,56.689999,54.169998,55.700001,5366862,38.043285
272,55.599998,55.830002,54.400002,55.23,2825547,37.722275
273,55.77,56.73,55.349998,56.080002,2587932,38.302826
274,56.509998,57.549999,56.18,56.950001,3016559,38.897041
275,56.900002,57.970001,56.669998,57.310001,2516008,39.142921
276,58.700001,58.950001,57.060001,57.099998,3788334,38.999489
277,56.880001,56.91,55.439999,56.080002,2796644,38.302826
278,57.029999,57.110001,55.970001,56.509998,2394850,38.596516
279,56.849998,58.240002,56.130001,56.470001,3190674,38.569199
280,56.41,57.330002,55.23,57.330002,2485234,39.156582
281,57.75,57.900002,56.450001,56.849998,1952374,38.828739
282,57,58.869999,56.549999,58.849998,2575937,40.194744
283,59.029999,61.650002,58.860001,61.59,5588838,42.066177
284,61.450001,62.419998,60.759998,61.290001,3492106,41.861271
285,60.919998,61.810001,60.400002,61.709999,2534881,42.148129
286,61.25,63.439999,61.099998,63.139999,2734862,43.124828
287,63.5,63.68,62.970001,63.139999,2370599,43.124828
288,63.150002,63.299999,61.84,61.98,2410165,42.332542
289,62.200001,62.369999,60.77,61.66,3256747,42.113979
290,61.700001,61.919998,60.169998,61.040001,2799679,41.690521
291,61.580002,61.580002,60.099998,60.560001,2418461,41.362682
292,60.389999,61.68,60.07,60.299999,2072955,41.185097
293,59.5,61.18,59.470001,60.43,2184646,41.273891
294,60.380001,60.419998,57.790001,58.299999,2859988,39.819092
295,57.25,58,56.389999,57,3591172,38.931187
296,57.490002,59.049999,57.080002,58.700001,2662872,40.092293
297,58.459999,59.209999,57.900002,58.779999,2061073,40.146927
298,59.32,61.099998,58.970001,59.669998,3450012,40.754803
299,58.849998,59.049999,57.549999,58,3454511,39.614197
300,58.599998,59.32,57.84,58.09,2300279,39.675663
301,58.599998,59.75,57.580002,57.779999,3265392,39.463928
302,56.810001,58.669998,56.419998,57.740002,2155275,39.436615
303,58.490002,58.860001,56.93,57.970001,2115514,39.5937
304,58.27,58.889999,57.549999,58.139999,2655032,39.709812
305,57.41,59.5,56.68,57.119999,4850780,39.013153
306,56.5,57.200001,55.91,56.299999,2706899,38.453087
307,55.75,56.450001,55.25,55.799999,2718095,38.111588
308,54.720001,54.82,52.009998,54.290001,5671440,37.080254
309,54.880001,55.439999,52.950001,53.09,3765636,36.260651
310,53.490002,54.919998,53.209999,54.130001,3745805,36.970966
311,54.599998,56.16,53.82,55.299999,6405214,37.770084
312,56.439999,56.439999,54.91,55.439999,3129613,37.865704
313,55.299999,55.34,54.25,54.59,2586977,37.285152
314,54.700001,55.889999,54.27,55.27,2922312,37.749596
315,55.349998,57.830002,55.029999,57.599998,3672785,39.340984
316,58.169998,58.169998,57.220001,57.459999,1782525,39.245369
317,57.400002,57.490002,56.400002,57.360001,2058266,39.177067
318,57.700001,58.189999,56.630001,57.389999,2294273,39.197563
319,58.080002,58.91,57.880001,58.560001,2296540,39.996677
320,58.59,59.139999,58.290001,58.75,2365321,40.126446
321,59.200001,61.310001,59.099998,61.220001,3383227,41.813465
322,61.389999,61.400002,60.16,60.41,2114657,41.260231
323,60.709999,61.189999,60.5,61,2382554,41.663204
324,61.220001,61.5,60.139999,60.810001,2689580,41.533432
325,59.650002,59.900002,59.049999,59.130001,4163243,40.385986
326,59.360001,59.709999,58.32,58.540001,2776722,39.983013
327,58,58.27,57.02,57.099998,3165738,38.999489
328,56.700001,57.080002,56.220001,56.639999,2673787,38.685307
329,57.27,58.419998,56.939999,57.59,2496512,39.334164
330,57.509998,58.150002,57.209999,57.939999,1622783,39.573212
331,58.200001,58.389999,57.720001,58.119999,2658288,39.696148
332,57.849998,58.82,56.790001,57.209999,2327710,39.074619
333,57.610001,59.310001,57.549999,58.790001,2455377,40.153767
334,59.310001,60.759998,59.279999,60.529999,2693796,41.342194
335,61,61.18,59.889999,61,1683593,41.663204
336,60.990002,61.869999,60.599998,61.709999,1347059,42.148129
337,61.560001,63.139999,61.5,61.939999,2706143,42.305229
338,62.560001,63.25,62.060001,63.18,2787943,43.152153
339,62.91,63.669998,62.290001,63.669998,1741289,43.486816
340,64,65.300003,64,64.440002,2321406,44.012737
341,63.779999,63.98,62.169998,63.369999,2775566,43.281914
342,64.800003,65,61.919998,62.349998,5808821,42.585251
343,62.200001,62.52,60.380001,61.360001,3546100,41.909081
344,61.419998,62.990002,60.27,62.82,3851643,42.906265
345,62.73,62.959999,60.98,61.279999,3179012,41.854443
346,61.599998,63.040001,61.209999,62.669998,2905464,42.803814
347,63.029999,63.849998,62.41,63.169998,6560795,43.145313
348,62.400002,63.209999,62.16,63.209999,15639814,43.172638
349,62.380001,62.950001,61.709999,61.860001,2457148,43.137775
350,61.169998,61.799999,60.380001,61.540001,2023599,42.914623
351,61.389999,61.57,60.459999,60.57,2258542,42.238194
352,61.09,61.450001,60.669998,61.25,1888415,42.712391
353,61.830002,62.5,61.279999,61.98,2377335,43.221451
354,62.189999,62.43,60.619999,60.98,5738738,42.524109
355,60,60.029999,58.830002,59.130001,2760383,41.23402
356,59.009998,60.689999,59,60.279999,2139999,42.035965
357,59.650002,60.990002,59.400002,60.75,1954010,42.363724
358,61,61,59.360001,59.700001,2733454,41.631512
359,60.200001,60.830002,59.869999,60.700001,1846888,42.32885
360,60.889999,61.240002,60.490002,60.830002,658108,42.419514
361,61.5,61.889999,61.25,61.48,2096293,42.87278
362,61.279999,61.400002,60.139999,60.610001,2064142,42.26609
363,60.299999,60.900002,59.400002,60.139999,1915722,41.938332
364,60.259998,60.91,59.650002,60.290001,1760603,42.042938
365,60.099998,60.959999,59.75,60.740002,1579540,42.356743
366,60.700001,61.130001,60.119999,60.32,1379774,42.063862
367,59.880001,61,59.259998,61,2859053,42.538055
368,61.259998,63.060001,60.970001,62.93,4258202,43.883934
369,62.990002,63.470001,62.040001,62.34,2748506,43.472492
370,62.5,62.919998,61.720001,62.509998,1149645,43.591042
371,62.040001,63.52,62.009998,63.400002,2637256,44.211681
372,62.849998,63.689999,62.209999,62.380001,2449543,43.500385
373,62,63.439999,61.490002,63.439999,2907755,44.239571
374,63.060001,64.550003,62.439999,64.18,5171504,44.755611
375,63.66,64.239998,62.93,63.900002,2213674,44.560356
376,64.410004,64.870003,63.830002,64.849998,2594437,45.222832
377,64.900002,65.629997,64.019997,65.389999,3423654,45.599396
378,65.150002,66.07,64.660004,65.209999,2965074,45.473877
379,66.120003,68.459999,66.120003,67.129997,4747099,46.812778
380,67.089996,68.059998,66.790001,67.760002,2061224,47.252113
381,67.839996,69.379997,67.290001,69.099998,2638323,48.186546
382,69.550003,70.019997,67.980003,68.860001,3465572,48.019188
383,68.970001,69.099998,67.260002,68.809998,2978742,47.984322
384,68.699997,68.699997,67.349998,67.769997,2556578,47.259083
385,67.980003,69,67.540001,68.82,1300389,47.991287
386,68.510002,69.550003,68.209999,68.790001,1776463,47.970383
387,68.440002,69.139999,67.559998,67.82,2342908,47.293949
388,68.379997,69.449997,68.129997,69.279999,2774569,48.312069
389,69.330002,70.120003,68.25,68.510002,2415872,47.775124
390,68,68.260002,66.330002,66.75,2667642,46.547787
391,65.739998,67.559998,64.190002,67.239998,5383859,46.889484
392,67.580002,70.290001,67.559998,70.18,3597249,48.939678
393,69.639999,71.75,69.559998,71,3657786,49.511509
394,70.75,72.739998,70.440002,72.669998,3756090,50.676071
395,72.269997,72.650002,70.940002,71.110001,2262233,49.588215
396,71.949997,72.519997,71.239998,72,1712031,50.208851
397,72.489998,72.489998,71.120003,71.949997,1865206,50.173985
398,72.389999,72.57,70.339996,71.190002,2878589,49.644001
399,71.940002,71.940002,70.620003,71.580002,1644125,49.91597
400,71.220001,73.68,70.919998,73.519997,2432193,51.268818
401,73.769997,73.849998,71.57,72.190002,2356886,50.341343
402,71.580002,72.849998,70.32,70.699997,3332609,49.302296
403,70,70.870003,68,70.25,3278654,48.988491
404,69.260002,70.720001,68.699997,69.82,2231679,48.688633
405,71.599998,71.760002,67.510002,67.709999,2824591,47.217239
406,67.800003,69.300003,65.790001,65.970001,4547803,46.003857
407,65,66.889999,64.410004,65.550003,4093606,45.710976
408,66.779999,66.779999,61.220001,61.27,5965142,42.726337
409,59.130001,63.720001,58.599998,60.48,6102743,42.17543
410,59.349998,61.27,54.509998,55.139999,7467791,38.451614
411,55.59,58.77,51.709999,58.630001,9731294,40.885345
412,60.59,61.59,54.630001,55.619999,7388724,38.786331
413,57.169998,57.900002,54.349998,57.66,5738880,40.208923
414,57.57,59.709999,56.09,59.34,4424046,41.380463
415,60,60.68,59.09,59.310001,2643815,41.359543
416,58.52,59.099998,56.799999,58.869999,3086059,41.052711
417,58.349998,59.900002,57.73,58.759998,2430044,40.975998
418,57.810001,58.290001,53.279999,54.150002,5909122,37.761242
419,53.130001,53.990002,50.57,52.299999,7542802,36.471149
420,50.330002,52.439999,49.834999,50.09,5743470,34.930019
421,50.970001,52.490002,50.200001,51.369999,4907408,35.82262
422,52.5,54.450001,51.099998,53.57,4400397,37.356777
423,54.290001,55.560001,52.869999,53.82,5235590,37.53112
424,53.48,54.43,52.16,54.049999,3312430,37.691505
425,55.23,55.34,53.490002,54.41,2340070,37.942547
426,55.43,55.43,53.400002,54.25,2713792,37.830975
427,54.48,56.869999,54.389999,56.349998,4129537,39.295395
428,56.5,57.66,54.720001,56.900002,4086319,39.678936
429,55.75,55.900002,53.720001,54.220001,3240227,37.810055
430,52.799999,54.009998,50.200001,50.869999,4449885,35.473946
431,50.93,51.959999,49.855,50.66,4123690,35.327507
432,52.150002,53.93,52,53.709999,3630093,37.454411
433,53.959999,54.400002,52.049999,53.299999,3012612,37.168491
434,53,53.849998,51.41,51.689999,3903642,36.045769
435,50.099998,51.240002,49.035,50.900002,4288358,35.494865
436,52.080002,52.75,50.060001,51.950001,3931718,36.227077
437,51.380001,55.349998,51.099998,55.07,5200929,38.402798
438,55.799999,57.48,55.049999,56.52,4777026,39.413952
439,57.25,57.5,56.220001,57.18,7887509,39.874191
440,55.799999,57.779999,55.52,56.200001,3224595,39.1908
441,55.900002,57.970001,55.560001,57.639999,2641362,40.194977
442,57.73,57.77,55.669998,56.09,2385333,39.114094
443,54.099998,54.380001,52.049999,52.990002,5021351,36.95232
444,53.5,53.700001,49.945,52.18,5207533,36.38747
445,51.450001,51.610001,49.73,50.799999,5306710,35.425129
446,53.209999,54.23,51.91,53.950001,4113166,37.621769
447,53.220001,54.84,52.73,53.25,2722945,37.133629
448,52.82,54.209999,52.23,52.75,3213371,36.784958
449,51.52,51.599998,48.650002,49.965,7201518,34.842854
450,46.330002,46.5,43.490002,45.040001,7053889,31.408424
451,46.279999,47.404999,45.119999,47.395,4541747,33.050674
452,48.049999,49.470001,47.330002,48.904999,4607270,34.103668
453,49.125,51.099998,48.395,50.889999,4290206,35.487892
454,51.5,53.48,49.814999,52.990002,3381225,36.95232
455,52.709999,53.98,51.939999,53.75,2918576,37.482296
456,53.5,55.450001,52.810001,54.91,3217130,38.291218
457,54.709999,55.650002,53.540001,54.82,3265116,38.228462
458,55.09,57.169998,54.560001,56.439999,3183197,39.358158
459,57.220001,58.080002,53.84,54.5,4019764,38.005314
460,53.259998,55.650002,52.09,55.080002,3980826,38.409775
461,55.59,55.959999,54.09,55.009998,2307509,38.360954
462,53.919998,55.990002,53.799999,54.110001,2983797,37.733345
463,54.400002,57.400002,53.669998,57.189999,3832887,39.881168
464,57.849998,58.439999,56.540001,57.880001,2710174,40.362335
465,57.470001,59.669998,57.189999,57.799999,3103470,40.306545
466,57.720001,59.599998,57.150002,57.810001,2602385,40.313522
467,60,61.060001,59.029999,61.060001,4088061,42.579899
468,61.66,62.470001,60.860001,61.810001,3330207,43.102905
469,61.400002,61.400002,59.060001,59.060001,2617454,41.185207
470,57.25,57.419998,55.27,56.580002,4415084,39.455791
471,57.360001,58.27,56.169998,57.970001,2678096,40.425098
472,57,61.16,56.68,60.610001,5618806,42.26609
473,61.099998,61.150002,57.700001,57.860001,2884576,40.348392
474,57.5,59.509998,56.509998,58.130001,2675624,40.536682
475,58.16,60.290001,57.900002,58.419998,2794669,40.738907
476,59.200001,59.720001,55.5,56.84,3655191,39.637096
477,56.700001,58.580002,55.830002,57.610001,2985140,40.174057
478,57.98,58.849998,56.700001,58.73,2210002,40.955078
479,59.150002,59.200001,57.360001,58.16,1893280,40.55759
480,57.599998,58.5,56.59,57.549999,2189465,40.132217
481,57.169998,58.080002,55.119999,55.709999,3419133,38.849094
482,55.41,55.959999,54.27,54.490002,3323821,37.998333
483,53.919998,55.09,53.380001,53.549999,3008101,37.342834
484,53.349998,53.389999,51.02,51.330002,3224065,35.794727
485,51.799999,52.470001,50.709999,50.84,2623140,35.453026
486,50.25,51.07,49.299999,49.299999,3237708,34.379112
487,49.799999,51.259998,49.5,49.779999,2747566,34.713844
488,49.744999,50.490002,48.52,50.32,2701335,35.090405
489,51.049999,53.459999,50.869999,52.939999,3318297,36.917454
490,52.799999,53.32,51.919998,52.919998,2685605,36.9035
491,52.470001,56.380001,51.610001,55.98,5352345,39.03738
492,55.630001,56.5,55.099998,55.18,2842405,38.479504
493,55.84,57.41,55.450001,55.610001,2684393,38.779362
494,56.349998,56.57,55.57,56.209999,2528174,39.197773
495,55.59,56.869999,55.200001,56.07,2224773,39.10014
496,56.860001,57.400002,54.740002,55.669998,2091769,38.821209
497,56.080002,56.209999,53.380001,53.610001,2860961,37.384678
498,53.099998,54.799999,52.860001,53.799999,2805392,37.51717
499,53.57,53.900002,52.48,52.52,2272070,36.624569
500,52.880001,53.790001,52.119999,52.950001,2487656,36.924431
501,52.43,52.470001,50.189999,50.25,4538410,35.041592
502,50.650002,51.650002,50.240002,50.740002,3100241,35.383289
503,50.889999,51.099998,49.900002,49.990002,5251479,34.860279
504,49.599998,51.560001,49.419998,50.07,3241872,34.916073
505,50.150002,52.68,50.049999,52.220001,2321189,36.415367
506,53,53.900002,52.18,52.529999,1919814,36.631542
507,52.669998,53.459999,52.220001,52.740002,1347793,36.777981
508,53.369999,53.369999,52.310001,52.5,810657,36.610619
509,52.759998,53.299999,52.700001,52.82,570044,36.833771
510,52.77,52.77,51.009998,51.099998,1280047,35.634338
511,51.27,51.450001,50.610001,51.360001,990264,35.815647
512,51.220001,51.759998,50.799999,51.759998,749416,36.094582
513,51.84,53.459999,51.450001,53.16,1620355,37.070869
514,53.75,55.580002,53.689999,55.290001,2679672,38.55621
515,55.009998,56.450001,54.57,55.869999,2132005,38.960674
516,56.049999,56.57,54.560001,56.150002,2723050,39.15593
517,56.130001,56.580002,55.049999,55.549999,1911346,38.737522
518,56,57.540001,55.610001,56.84,3087412,39.637096
519,57.810001,59.380001,57.610001,58.720001,2949987,40.948109
520,58.700001,59.290001,58.380001,58.93,2035241,41.094547
521,58.990002,60.310001,58.450001,59.400002,2061301,41.422302
522,60.049999,60.169998,56.830002,58.450001,2958139,40.759827
523,58.400002,60.07,58.049999,59.959999,2000149,41.812813
524,61.470001,62.130001,61.189999,62.040001,3547504,43.263294
525,61.799999,62.299999,60.880001,62.23,3030372,43.395786
526,62.450001,63.189999,61.73,62.959999,2860549,43.904846
527,62.959999,64.080002,62.369999,63.59,3275573,44.344177
528,63.41,64.18,62.650002,63.880001,2283960,44.546406
529,63.439999,64.099998,62.57,63.5,2224542,44.281414
530,63.77,63.790001,62.32,63.59,1791303,44.344177
531,63.91,65.699997,63.5,65.400002,2907762,45.606369
532,64.980003,66.32,64.239998,64.599998,2456825,45.048496
533,63.790001,64.989998,63.720001,64.550003,1962533,45.013634
534,65.080002,66.5,65.050003,65.389999,2551733,45.599396
535,65.129997,68.080002,65.129997,67.989998,3664839,47.412495
536,68.239998,68.57,67.110001,68,2580196,47.419472
537,67.75,70,67.5,69.980003,2821086,48.800209
538,69.769997,70.760002,69.260002,70.760002,2037744,49.344143
539,71.290001,71.480003,68.370003,69.360001,3268653,48.367851
540,69.690002,70.139999,68.730003,69,2939786,48.116814
541,69.669998,72.620003,69.400002,71.540001,4317421,49.888073
542,71,71.919998,69.489998,69.870003,2645764,48.723503
543,70.5,71.190002,70.080002,70.559998,1628428,49.20467
544,70.139999,71.080002,69.279999,70.019997,2122166,48.828106
545,70.650002,71.230003,70,70.230003,2379308,48.974552
546,69.199997,70.5,68.639999,70.400002,2670820,49.093094
547,71.169998,72.040001,70.650002,71.980003,2790675,50.194897
548,72.360001,72.660004,71.620003,72.239998,1493392,50.376209
549,72.199997,72.599998,71.540001,71.900002,1701197,50.139122
550,71.980003,72.440002,70.419998,70.949997,2674911,49.476635
551,70.68,71.550003,68.629997,69.889999,2664599,48.73745
552,70.239998,70.940002,69.400002,70.32,2104477,49.037319
553,69.519997,69.599998,67.669998,69.040001,3066474,48.144714
554,69.400002,70.150002,68.849998,69.879997,2164189,48.730476
555,70.470001,70.720001,69.050003,69.43,2137769,48.416676
556,69.360001,71.489998,68.610001,71.489998,2776963,49.853207
557,71.75,71.769997,70.419998,70.610001,1795326,49.239536
558,69.900002,71.230003,69.209999,70.629997,2288057,49.253483
559,70.169998,70.169998,67.019997,67.019997,3974467,46.736069
560,66.989998,68.32,66.519997,68.269997,2582683,47.60775
561,68.669998,70.720001,67.709999,69.199997,6874578,48.256283
562,69.160004,70.849998,68.580002,70.5,2497897,49.162834
563,70.400002,71.459999,69.970001,71.050003,2520748,49.546379
564,71.5,71.589996,69.68,70.739998,3957259,49.330196
565,71.029999,73.739998,70.129997,73.449997,4542967,51.220001
566,73.449997,73.889999,72.459999,73.760002,2388616,51.436184
567,73.900002,73.949997,72.669998,73.019997,4832557,50.920143
568,72.349998,72.5,71.209999,71.839996,2439894,50.097275
569,69.699997,70,67.949997,68.220001,5613118,47.572887
570,68.800003,69.449997,67.940002,68.809998,2693984,47.984322
571,68.699997,69.199997,67.080002,67.610001,2703704,47.147503
572,67.550003,68.099998,66.440002,67.900002,2372924,47.349739
573,68.190002,69.43,67.199997,68.669998,2160832,47.886688
574,69.199997,69.339996,68.400002,68.449997,1808313,47.733273
575,68.080002,68.550003,67.010002,67.220001,2202779,46.875542
576,67.019997,67.339996,65.669998,65.830002,3075223,45.906231
577,66.43,68.230003,66.199997,67.43,3198455,47.021984
578,68.379997,69.209999,67.410004,69.209999,3238087,48.263264
579,69.209999,69.209999,67.989998,67.989998,2089514,47.412495
580,67.5,67.800003,66.209999,66.559998,2904477,46.415291
581,66.800003,67.089996,65.440002,66.779999,2584787,46.568707
582,65.699997,66.529999,65.080002,65.080002,2751649,45.383224
583,65.150002,67.220001,65.080002,66.709999,3117808,46.519894
584,67.349998,69.089996,67.260002,68.650002,3676956,47.872746
585,68.93,68.93,67,67.5,2655072,47.070793
586,66.900002,69.489998,66.800003,68.709999,2757322,47.914589
587,68.510002,70,67.919998,70,2503480,48.814159
588,70.459999,70.5,68.82,69.440002,2314609,48.423649
589,69.790001,70.25,68.25,68.32,2865183,47.64262
590,68.410004,69.970001,67.82,69.839996,2618937,48.702587
591,68.800003,68.839996,66.400002,67,2617648,46.72213
592,67.300003,68.110001,66.970001,67.599998,1937241,47.14053
593,67.949997,70.080002,67.830002,69.68,2337231,48.591007
594,69.629997,71.440002,69.300003,71.25,3749825,49.685833
595,70.800003,72.5,70.510002,72.129997,2623097,50.299503
596,72.309998,72.669998,71.610001,71.809998,1892410,50.076351
597,72.639999,72.910004,70.290001,71.07,2681607,49.560318
598,71.809998,73.949997,71.110001,71.68,5130666,49.985699
599,71.620003,71.860001,68.730003,68.989998,2956169,48.109837
600,67.099998,70.25,66.889999,70.050003,2454028,48.849033
601,69.300003,69.730003,66.879997,67.349998,2917030,46.966194
602,67.800003,68.5,66.360001,67.699997,2938800,47.210262
603,68.099998,68.279999,65.900002,66.239998,4070960,46.192139
604,65.82,67.599998,65.510002,67.599998,2729961,47.14053
605,67.230003,67.349998,65.910004,66.440002,2222874,46.331619
606,66.949997,67.300003,65.5,66.169998,2965273,46.143333
607,65.309998,67.160004,64.57,66.529999,4103589,46.394375
608,64.800003,64.879997,62.369999,62.73,2629253,45.310902
609,61.810001,62.240002,61.02,61.310001,4288518,44.28521
610,61.48,62.66,61.389999,61.77,2362798,44.617477
611,62.77,63.759998,62.48,63.43,2880567,45.816521
612,62.709999,62.830002,61.529999,61.810001,2670776,44.64637
613,62.439999,62.580002,61.25,61.98,2459775,44.769161
614,62.009998,62.619999,61.400002,61.900002,1634898,44.71138
615,62.439999,63.419998,62.02,62.279999,1201981,44.985855
616,63.130001,64.790001,62.98,64,2426478,46.228237
617,63.610001,63.740002,61.66,62.009998,2858769,44.790825
618,62.099998,62.880001,60.599998,61.099998,3012985,44.133518
619,61.07,61.099998,57.84,58.720001,4219292,42.414413
620,57.900002,58.040001,56.810001,56.849998,2609948,41.063679
621,57.529999,57.580002,56.099998,57.200001,2346209,41.316486
622,58.02,58.91,57.509998,58.509998,3325975,42.262726
623,59.099998,61.049999,58.16,59.580002,3114859,43.035606
624,58.900002,59.02,58.080002,58.82,2083147,42.486645
625,60.700001,60.950001,58.080002,58.77,2505321,42.450523
626,58.290001,59.669998,58.080002,58.580002,2377663,42.313286
627,58.880001,59.610001,56.779999,57.810001,2981678,41.757103
628,57.470001,57.66,55.84,56.290001,3672086,40.659184
629,56.459999,56.779999,55.889999,55.959999,5844449,40.420822
630,57.189999,57.639999,56.650002,57.139999,3252808,41.273155
631,57.200001,58.299999,56.939999,57.93,2270671,41.843781
632,57.869999,58.25,56.84,58.07,1943565,41.944904
633,57.75,58.43,57.189999,57.580002,2398303,41.590973
634,57,57.18,56.299999,56.470001,1903736,40.789196
635,56.259998,56.32,54.939999,54.939999,2306851,39.684055
636,54.279999,54.48,53.16,53.700001,3837315,38.788383
637,54,54.549999,53.439999,54.52,2202471,39.380692
638,54.599998,55.049999,53.759998,54.16,2183552,39.120647
639,56.400002,57.049999,55.369999,56.93,3464824,41.121468
640,56.900002,58.130001,56.200001,57.41,2176732,41.468174
641,57.700001,59,57.549999,58.939999,2547190,42.573318
642,58.98,59.57,58.599998,58.950001,1896566,42.580544
643,59.099998,60.139999,58.080002,59.110001,3009595,42.696117
644,58,58.169998,56.41,56.419998,3377305,40.753082
645,56.459999,56.66,55.849998,56.389999,1858782,40.731415
646,56.669998,57.740002,56.009998,57.25,1856226,41.352612
647,57.009998,57.099998,56.09,56.689999,1924342,40.948109
648,56.16,56.82,55.389999,55.84,2796670,40.334137
649,55.860001,58.029999,55.669998,57.77,2532760,41.728207
650,57.66,57.700001,56.779999,57.5,1562187,41.533176
651,57.57,58.240002,57.400002,57.619999,2058816,41.619862
652,57.849998,59.009998,57.43,58.84,1790450,42.501087
653,59.02,60.189999,58.849998,59.66,2609882,43.093384
654,59.810001,60.619999,58.16,58.279999,3809096,42.096592
655,57.5,57.82,56.029999,56.639999,2386687,40.911991
656,56.439999,56.599998,55.07,55.18,2775280,39.85741
657,55.099998,56.799999,55.009998,55.889999,3258039,40.370255
658,55.98,57.5,54.759998,57.5,3702441,41.533176
659,57.5,59.380001,56.91,59.150002,2987322,42.72501
660,59.5,60.740002,59.419998,60.43,2410460,43.64957
661,60.689999,61.43,59.529999,60.77,2467810,43.895157
662,59.299999,59.75,57.720001,58.990002,4126187,42.609436
663,58.439999,59.650002,56.209999,56.459999,4950842,40.781975
664,56.509998,58.540001,56.349998,58.119999,3501478,41.981022
665,57.93,60.049999,57.84,59.5,2897938,42.977818
666,59.400002,60.689999,59.290001,60.509998,2820883,43.707352
667,60.200001,60.599998,59.720001,60.220001,1846688,43.497887
668,60.23,60.419998,59.040001,60.169998,2109837,43.461769
669,59.810001,60.200001,59.240002,59.900002,1407699,43.266743
670,59.720001,59.799999,58.619999,59.080002,1535835,42.674446
671,59.400002,59.669998,58.830002,59.130001,1631873,42.710564
672,58.950001,59.52,58.66,58.98,1619493,42.602215
673,59.380001,60.099998,59.02,59.950001,2077253,43.302856
674,60.299999,61.639999,60.130001,61.459999,2658919,44.393555
675,61.509998,62.040001,60.889999,61.220001,1664962,44.220203
676,61.459999,61.919998,61.189999,61.639999,1981514,44.523571
677,61.330002,61.41,60.360001,61.389999,1785112,44.342995
678,61.77,61.950001,60.330002,60.810001,2287012,43.924053
679,60.549999,60.709999,59.240002,60.049999,2188408,43.375092
680,59.799999,60.880001,59.560001,60.77,1267798,43.895157
681,60.34,60.540001,59.84,60.529999,1314107,43.721806
682,60.5,60.580002,59.580002,60.209999,1385564,43.490658
683,59.450001,59.5,57.200001,57.349998,3839263,41.424831
684,57.349998,58.169998,56.939999,57.66,2895763,41.648754
685,57.23,57.77,56.720001,57.150002,1715284,41.280373
686,57.139999,57.41,54.950001,55.389999,3406526,40.009098
687,54.720001,55.349998,54.349998,55.049999,3727446,39.763512
688,55.200001,57.23,55.040001,57.23,4238427,41.338158
689,57.900002,58.630001,57.369999,58.029999,3195831,41.916008
690,57.93,58.790001,57.759998,58.529999,1994554,42.277168
691,58.209999,59.57,58.049999,59.380001,2126791,42.89114
692,59.650002,61.110001,59.290001,60.560001,3343294,43.743473
693,60.810001,60.880001,59.639999,59.970001,2379819,43.317307
694,61.43,62.490002,61.310001,62,3471899,44.783607
695,61.860001,62.299999,61.380001,61.689999,1663747,44.559692
696,61.099998,61.310001,59.849998,60.450001,2408995,43.664017
697,60.849998,61.389999,60.060001,61.189999,1987198,44.198528
698,60.57,60.650002,58.669998,59.439999,4531868,42.934479
699,59.799999,59.900002,58.91,59.790001,4522674,43.18729
700,59.41,59.830002,58.900002,59.639999,1438130,43.078941
701,59.360001,59.360001,57.84,58.810001,2545599,42.479427
702,57.799999,57.98,57.400002,57.619999,2807224,41.619862
703,57.639999,58.02,57.290001,57.639999,2439550,41.634308
704,58.130001,58.23,56.91,56.91,2052855,41.107018
705,56.849998,57.73,56.509998,57.139999,2332284,41.273155
706,56.84,58.470001,56.52,57.73,1967027,41.699314
707,58.25,60.130001,58.18,59.759998,3777807,43.165615
708,60.189999,61.240002,60.07,60.990002,2662377,44.05407
709,60.639999,60.66,60.02,60.049999,1495949,43.375092
710,60.400002,60.830002,59.759998,59.990002,1932972,43.331757
711,59.93,60.169998,59.139999,59.549999,1776235,43.013935
712,59.16,61.060001,59.040001,60.84,2598530,43.945721
713,60.900002,61.849998,60.400002,60.400002,1790762,43.627899
714,60.290001,60.950001,60.119999,60.459999,1425627,43.671242
715,60.830002,61.150002,59.759998,60.990002,2134124,44.05407
716,61.099998,61.810001,60.009998,61.66,2894007,44.538017
717,61.66,62.290001,61.009998,62.040001,2384064,44.812504
718,62.599998,63.68,61.93,62.009998,4718607,44.790825
719,62.080002,62.119999,61.139999,61.48,2074603,44.408005
720,61.709999,61.790001,60.189999,60.459999,2409075,43.671242
721,60.529999,60.799999,59.220001,60.349998,2571781,43.591778
722,60.009998,60.919998,59.57,60.34,2122482,43.58456
723,59.849998,60.970001,59.610001,60.970001,1864159,44.039623
724,60.810001,60.970001,60.009998,60.490002,1099654,43.692913
725,60.779999,61.509998,60.619999,61.509998,1265519,44.429668
726,61.59,62.700001,61.419998,61.450001,2338039,44.386333
727,61.75,63.52,61.66,63.32,2491800,45.737061
728,63.639999,65.290001,63.509998,65,3497619,46.950558
729,64.550003,65.239998,63.98,64.489998,2254136,46.582172
730,64.400002,65.010002,62.799999,64.050003,3523496,46.264359
731,64.400002,66.279999,64.07,64.419998,4166853,46.531612
732,65.010002,65.349998,63.400002,63.689999,2661144,46.004322
733,63.93,64.779999,63.439999,64.230003,2757947,46.394379
734,64.150002,64.279999,63.32,63.66,1663716,45.982651
735,63.360001,63.889999,62.57,63.619999,2108502,45.953758
736,63.580002,63.93,62.900002,63.23,1287355,45.672054
737,62.689999,63.209999,62.32,62.599998,1871914,45.216995
738,62.619999,63.099998,61.57,61.990002,2534722,44.77639
739,62.599998,65.309998,62.5,65.110001,2945851,47.030014
740,64.760002,65.910004,64.559998,65.699997,2237194,47.456177
741,65.639999,66.959999,65.599998,66.139999,2134231,47.774002
742,66.370003,66.940002,65.620003,65.660004,2121691,47.427288
743,65.720001,65.989998,65.230003,65.779999,1726763,47.513962
744,65.489998,66.650002,65.32,66.230003,1412289,47.839008
745,66.410004,66.800003,65.949997,66.559998,1192986,48.07737
746,67,67.449997,66.279999,67.040001,2107702,48.424084
747,67.610001,68.330002,67.440002,67.910004,2398452,49.052502
748,67.860001,68.589996,67.660004,68.190002,1670749,49.254745
749,68.459999,68.559998,67.779999,67.900002,1477337,49.04528
750,67.889999,68.709999,67.510002,67.690002,1275525,48.893589
751,68.389999,68.769997,67.720001,67.93,1769418,49.06694
752,68.260002,68.839996,68.099998,68.660004,2036459,49.594242
753,68.769997,69.190002,68,69.040001,1797971,49.868721
754,68.769997,69.43,68.480003,69.330002,1260540,50.078186
755,69.5,70.639999,69.269997,70.589996,1872903,50.988308
756,70.589996,71.129997,70.190002,70.980003,1775357,51.270008
757,71.089996,71.230003,70.279999,70.790001,1775714,51.132767
758,70.900002,71.889999,70.800003,71.730003,1616826,51.811749
759,71.730003,72.190002,71.269997,71.68,1388846,51.775627
760,71.949997,72.089996,71.470001,72,1341593,52.006771
761,72.190002,72.190002,71.199997,72.019997,1470066,52.021214
762,71.5,72.260002,71.32,72.169998,1340299,52.129566
763,71.610001,72.849998,71.599998,72.699997,3394220,52.512383
764,72.849998,73.830002,72.800003,73.459999,1169029,53.061348
765,73.510002,74,72.93,72.93,907064,52.678532
766,74.900002,76.160004,74.699997,75.93,2354195,54.845474
767,75.730003,76.050003,74.739998,75.610001,1519799,54.61433
768,75.660004,75.959999,74.889999,75.800003,1136437,54.751575
769,75.639999,75.879997,74.910004,75.75,1288665,54.715458
770,75.360001,75.800003,73.059998,73.209999,2291326,52.880768
771,72.93,73.949997,71.599998,72.160004,2283158,52.122341
772,72.110001,73.830002,72.110001,72.889999,1828257,52.649635
773,72,73.220001,71.639999,73.220001,1701070,52.888
774,73.099998,73.879997,72.589996,73.220001,2005640,52.888
775,73.110001,73.639999,72.279999,72.480003,1549660,52.353489
776,72.099998,73.209999,71.839996,73.099998,1166401,52.801319
777,72.980003,74.300003,72.720001,74.059998,1380526,53.494736
778,74.379997,74.550003,73.110001,73.330002,1555616,52.967457
779,73.519997,74.279999,73,74.279999,856386,53.653645
780,74,74.260002,72.760002,74.160004,1554942,53.566978
781,74.220001,74.910004,73.949997,74.339996,1028652,53.696987
782,74.339996,74.699997,73.690002,74.629997,975244,53.906467
783,74.519997,75.849998,74.059998,75.849998,1454972,54.787685
784,76,76.160004,75.410004,75.5,1074180,54.534874
785,75.400002,75.660004,74.919998,75.580002,1173346,54.592655
786,75.519997,75.599998,74.510002,74.910004,1163550,54.108719
787,74.849998,74.849998,73.68,74.150002,1997021,53.559753
788,74.239998,75.370003,73.849998,74.480003,1837169,53.798111
789,74.779999,74.790001,72.029999,72.029999,2057850,52.028446
790,71.629997,72.199997,70.050003,71.860001,1972099,51.905643
791,72.129997,72.919998,70.970001,71.769997,1477268,51.840637
792,71.620003,72.580002,71.349998,71.739998,1635556,51.818966
793,72.050003,73.5,71.889999,73.5,1310537,53.090244
794,73.260002,73.529999,71.760002,72.07,1291026,52.057327
795,71.730003,72.129997,71.089996,71.519997,1347531,51.660061
796,71.82,72.709999,71.279999,72.150002,1189974,52.11512
797,72.150002,72.720001,71.400002,71.68,1353896,51.775627
798,71.879997,72.099998,71.400002,71.650002,1461517,51.75396
799,70.790001,71.489998,70.650002,71.370003,951551,51.551712
800,71.080002,71.900002,70.790001,71.790001,1926065,51.855083
801,71.82,71.949997,70.599998,70.760002,1485880,51.111099
802,70.300003,70.300003,68.639999,69.059998,2327628,49.883156
803,69.410004,70.120003,68.07,68.790001,2783226,49.688141
804,69.239998,71.599998,69.150002,70.580002,2810780,50.981079
805,69.139999,70.580002,68.910004,69.459999,2264463,50.172085
806,69.970001,70.449997,68.860001,70.32,1919743,50.793289
807,70.769997,70.870003,70,70.699997,1555604,51.067757
808,70.699997,71.169998,68.029999,69.199997,2202823,49.984283
809,68.82,70.040001,68.050003,69.400002,1510626,50.12875
810,70.440002,71.699997,70.209999,71.410004,1966063,51.580605
811,71.639999,72.300003,71.540001,71.599998,1503437,51.717838
812,71.970001,72.279999,71.57,72.019997,1320415,52.021214
813,72.589996,73.099998,71.889999,72.650002,1694965,52.476276
814,72.730003,73,72.379997,72.559998,984141,52.411266
815,72.470001,72.739998,71.790001,72,1135101,52.006771
816,71.730003,71.75,70.68,71.269997,1674850,51.479477
817,71.870003,71.989998,69.699997,70.940002,2805546,51.241119
818,71.059998,71.07,69.410004,70,4029880,50.562141
819,68.959999,70.360001,68.550003,70.190002,1584596,50.699379
820,69.809998,71.849998,68.580002,69.07,3185411,49.890385
821,70.300003,70.300003,69.040001,70.150002,2148542,50.670486
822,69.830002,69.93,68.5,69.360001,2646699,50.099854
823,69.160004,70.419998,68.790001,69.589996,1497609,50.265984
824,70.269997,70.900002,69.309998,69.75,1716196,50.381557
825,70.129997,70.300003,69.339996,69.809998,1502627,50.424896
826,70.260002,70.330002,68.599998,69.099998,1738713,49.912052
827,68.970001,69.099998,66.879997,67.309998,2657631,48.619106
828,67.410004,68.400002,66.32,68.349998,2175298,49.370316
829,68.449997,69.209999,68.18,68.389999,1469838,49.399204
830,68.699997,68.980003,67.209999,67.57,1730482,48.806904
831,67.589996,68.029999,65.580002,66.309998,2087464,47.89679
832,66.599998,66.690002,65.690002,66.300003,1372505,47.889572
833,66.459999,66.790001,65.519997,65.900002,1673707,47.600639
834,65.989998,68.07,65.760002,67.949997,2163077,49.081387
835,68.099998,69.480003,67.860001,69.029999,1889763,49.861492
836,68.629997,68.769997,66.980003,67.400002,2031612,48.684116
837,67.480003,67.510002,65.879997,66.440002,1659154,47.990696
838,66.150002,67.730003,65.669998,66.860001,1626339,48.294064
839,67.339996,67.389999,64.589996,65,2983725,46.950558
840,65.089996,65.129997,63.27,63.93,2147021,46.177677
841,64.309998,65.209999,63.91,64.839996,2618329,46.834988
842,65.120003,66.169998,64.779999,65.239998,1928576,47.123905
843,65,66.849998,64.339996,66.779999,2446173,48.236282
844,66.5,68.199997,66.349998,67.839996,2325262,49.00193
845,67.989998,69.230003,67.629997,68.889999,1626319,49.760372
846,68.599998,69.290001,67.669998,68.620003,1524785,49.565338
847,68.809998,69.989998,68.620003,69.860001,1568487,50.461014
848,70.279999,70.790001,69.599998,70.050003,1637370,50.598259
849,70.699997,72.199997,69.940002,70.739998,3011882,51.096653
850,70.519997,72.190002,70.010002,72.120003,2129704,52.093449
851,71.970001,72.199997,71.129997,71.330002,989178,51.52282
852,71.330002,72.080002,70.910004,70.980003,1694368,51.270008
853,70.900002,71.370003,70.330002,71.029999,1721713,51.306126
854,70.870003,71.089996,70.400002,71.07,873197,51.335018
855,71.410004,72.360001,71.379997,71.839996,2330640,51.891201
856,72.010002,72.449997,71.089996,72.080002,1984624,52.064552
857,72.550003,73.489998,71.860001,73.309998,3103309,52.953007
858,71.269997,71.949997,71.07,71.93,2180800,53.790558
859,71.849998,71.879997,70.839996,71.400002,1819197,53.394218
860,71.25,72.559998,70.980003,71.93,2964272,53.790558
861,72.540001,74.279999,72.5,74.019997,1829185,55.353497
862,73.75,73.900002,72.760002,73.830002,1537029,55.211418
863,74,74,72.529999,73.349998,1519202,54.852463
864,71.199997,71.599998,70.510002,71.480003,2201417,53.454048
865,71.650002,71.830002,69.870003,70.879997,1513236,53.005352
866,71.400002,71.989998,71.349998,71.879997,670305,53.753166
867,72.260002,73.25,72.190002,72.309998,1437762,54.074734
868,71.760002,73.040001,71.75,72.419998,1748559,54.156994
869,72.290001,73.709999,72.010002,73.150002,1432106,54.702911
870,72.93,74.160004,72.489998,73.690002,2009895,55.106724
871,73.25,74.260002,72.5,73.110001,1658421,54.672993
872,74.050003,74.480003,72.830002,73.300003,1365717,54.815083
873,72.790001,73.449997,72.120003,72.379997,1411789,54.127083
874,72.239998,72.599998,70.989998,71.050003,1831545,53.132488
875,71.089996,72.699997,69.879997,72.199997,2182110,53.99247
876,72.089996,72.879997,71.550003,72.489998,1244098,54.209343
877,72,72.230003,70.540001,71.410004,1591006,53.401703
878,71.07,71.370003,69.809998,70.160004,1851352,52.46693
879,69.099998,69.760002,68.550003,69.160004,2019214,51.719105
880,69.949997,70.540001,69.43,70.029999,2168197,52.369698
881,70.400002,71.120003,70.040001,70.550003,1455662,52.758579
882,70.050003,70.120003,69.43,69.870003,2013697,52.250053
883,70.089996,70.169998,69.279999,69.800003,1540885,52.197708
884,68.419998,68.709999,66.110001,66.43,3679654,49.677559
885,66.629997,66.93,64.360001,64.360001,4351948,48.129578
886,64.519997,65.330002,63.82,64.040001,3551142,47.890274
887,64.599998,66.32,64.529999,65.919998,2845461,49.296169
888,66.139999,66.900002,65.900002,66.769997,2244382,49.93182
889,67.040001,67.720001,66.629997,67.290001,1823867,50.320683
890,67.550003,68.120003,66.550003,67.18,2225631,50.23843
891,67.540001,67.970001,66.349998,67.279999,1628394,50.313206
892,67.610001,67.639999,65.589996,66.43,1969226,49.677559
893,64.949997,66.150002,64.440002,66.120003,2288806,49.44574
894,66.5,68,66.349998,67.699997,1587857,50.627289
895,67.989998,68.669998,66.139999,66.199997,1774163,49.505558
896,67.190002,68.669998,66.800003,67.900002,1515412,50.776859
897,68.5,69.529999,68.209999,69.029999,1738159,51.621887
898,68.980003,69.32,68.370003,69,1131534,51.599453
899,70,70.32,69.5,70.150002,1452895,52.459446
900,70.489998,71.199997,70.209999,70.519997,1459301,52.736134
901,70.800003,71.139999,70.5,70.860001,734948,52.990395
902,70.690002,71.330002,70.260002,71.099998,1223807,53.169868
903,71.029999,71.389999,70.309998,71.269997,1124583,53.296997
904,71.330002,72.080002,70.93,72.019997,1135065,53.857864
905,71.669998,72.650002,71.589996,72.230003,1917855,54.014912
906,72.599998,72.940002,71.910004,72.129997,915232,53.940125
907,72.589996,72.980003,72.220001,72.400002,958805,54.142036
908,72.839996,74.010002,72.260002,73.860001,1819482,55.233856
909,73.57,74.07,73.129997,74.040001,1313389,55.368465
910,74.190002,74.599998,73.629997,74.160004,1260879,55.458202
911,74.449997,74.910004,73.610001,73.970001,1163554,55.316113
912,74.349998,74.959999,74.239998,74.449997,1128919,55.675068
913,74.279999,74.580002,72.949997,73.589996,1712495,55.031937
914,73.459999,73.550003,71.309998,73.010002,2712042,54.598206
915,73.300003,73.5,72.07,72.480003,1348017,54.201859
916,72.75,72.910004,71.949997,72.18,1184499,53.977524
917,72.190002,72.510002,71.040001,71.370003,1476202,53.371784
918,71.040001,71.089996,70.080002,70.639999,1236720,52.825874
919,70.720001,71.989998,70.209999,71.68,1351383,53.603611
920,71.989998,72.830002,71.800003,72.300003,1038734,54.067261
921,72.550003,73.400002,71.129997,73.160004,1236766,54.710381
922,73.440002,74.169998,73.25,73.970001,1191423,55.316113
923,74.220001,74.68,74,74.400002,1025436,55.637676
924,74.379997,74.57,73.660004,74.360001,878118,55.607758
925,74.25,75.699997,74.059998,75.529999,1884100,56.482704
926,75.519997,75.75,74.879997,75.029999,1437138,56.108803
927,74.470001,74.540001,73.309998,74.050003,1266412,55.375935
928,74,74.260002,73.690002,73.699997,809661,55.114201
929,73.699997,75.459999,73.660004,75.18,1171987,56.220974
930,75.370003,75.720001,74.550003,75.400002,905294,56.385498
931,75.699997,75.720001,74.980003,75.419998,490153,56.400444
932,74.900002,75.330002,72.970001,73,1693824,54.590729
933,72.400002,72.709999,70.57,71.75,1617948,53.655949
934,72.150002,72.769997,71.739998,72.410004,905077,54.149521
935,72.43,72.449997,71.080002,71.290001,1419100,53.311958
936,72.330002,72.900002,72.330002,72.760002,865104,54.411255
937,72.93,73.120003,71.669998,72.230003,923654,54.014912
938,72.230003,72.589996,70.889999,72.589996,1088612,54.284119
939,74.349998,77.129997,74.080002,76.970001,4185074,57.559566
940,77.07,77.889999,76.150002,77.699997,2179984,58.105473
941,77.800003,78.690002,77.550003,78.169998,1659879,58.456947
942,79,79.959999,78.849998,79.139999,1817425,59.182335
943,79.349998,80.059998,79.169998,80,1338850,59.825455
944,80,80.040001,79.040001,79.550003,1293682,59.488949
945,79.470001,79.900002,79.25,79.900002,944579,59.750675
946,80.980003,81.050003,80.080002,80.580002,1093485,60.259193
947,80.550003,80.660004,79.230003,80.18,1388096,59.960064
948,80.5,80.519997,79.660004,80.050003,1150457,59.862843
949,81.440002,82.440002,80.68,81.440002,2465833,60.902309
950,81.5,81.779999,79.870003,80.470001,3373707,60.176933
951,80.790001,81.410004,80.129997,80.309998,1202686,60.057278
952,80.57,81.529999,80.459999,80.800003,1267055,60.423714
953,80.949997,81.110001,79.629997,80.370003,1046931,60.10215
954,80.529999,80.699997,79.470001,79.720001,1150771,59.616066
955,80.029999,80.32,79.379997,80.099998,899253,59.900238
956,79.379997,80.019997,78.800003,79.470001,1008984,59.429111
957,79.970001,81.32,79.75,80.910004,1270862,60.505978
958,80.790001,80.790001,78.68,79.300003,1540464,59.301983
959,79.550003,79.849998,78.75,79.68,972099,59.586147
960,79.510002,79.510002,78.25,79.169998,970471,59.204769
961,79.169998,79.389999,78.529999,78.620003,775005,58.793472
962,78.389999,79.349998,78.230003,78.800003,995233,58.928074
963,79.269997,80.910004,79.07,80.379997,1299252,60.109623
964,80.839996,80.940002,80.089996,80.739998,812135,60.378841
965,80.300003,80.650002,80.07,80.629997,582459,60.296577
966,81.330002,83.300003,81.220001,82.949997,2004212,62.031513
967,82.730003,82.82,81.669998,82.199997,1964131,61.470657
968,82.199997,82.709999,81,81.940002,1440792,61.276222
969,82.209999,82.389999,81.510002,82.029999,2610280,61.343517
970,82.349998,82.489998,81.110001,82.099998,970188,61.395866
971,81.160004,82.370003,80.720001,81.849998,2065376,61.208916
972,81.690002,82.389999,81.360001,82,1194395,61.321095
973,82.57,83.720001,82.419998,83.559998,1693550,62.487682
974,83.279999,83.940002,82.900002,83.660004,1532022,62.562469
975,84.029999,84.050003,81.730003,82.389999,1436472,61.612743
976,82.050003,83.080002,81.379997,82.209999,1308176,61.478134
977,82.599998,83.550003,82.309998,82.690002,1344602,61.837086
978,82.269997,83.739998,81.949997,83.540001,1819633,62.472729
979,83.360001,83.599998,82.440002,82.68,1064889,61.829609
980,83.150002,83.610001,82.550003,83.599998,1149392,62.517605
981,81.260002,81.989998,79.559998,81.199997,4387208,60.722839
982,81.709999,82.629997,81,82.160004,1471253,61.44075
983,82.150002,83.669998,81.57,81.82,2408874,61.186485
984,81.410004,82.139999,80.43,81.769997,1915290,61.14909
985,82,82.199997,81.790001,82.07,759352,61.373432
986,82.029999,82.43,81.300003,81.540001,1275324,60.977097
987,81.370003,81.379997,79.919998,80.959999,1391905,60.543354
988,82,82.309998,81.419998,81.599998,1212672,61.021957
989,81.75,82,80.800003,81.550003,2013462,60.984573
990,81.550003,83.269997,81.370003,83.199997,1592756,62.218479
991,83.129997,83.43,82.589996,83.019997,865345,62.083862
992,82.839996,83.529999,82.650002,83.279999,775433,62.278301
993,82.540001,83.529999,82.050003,83.139999,822598,62.173607
994,83.370003,83.889999,83.120003,83.769997,1104376,62.64473
995,84.18,84.879997,83.93,84.57,1363670,63.242989
996,84.160004,84.839996,84.139999,84.32,993111,63.056023
997,84.730003,85,84.150002,84.800003,726384,63.414989
998,84.959999,85.019997,84.639999,84.730003,605633,63.362637
999,84.690002,84.989998,84.440002,84.57,669232,63.242989
1000,84.720001,85.440002,84.519997,85.110001,914591,63.646801
1001,85.279999,85.459999,83.370003,83.519997,1728503,62.457775
1002,83.790001,83.790001,81.900002,82.540001,1943799,61.724907
1003,82.379997,82.489998,81.32,81.580002,1262632,61.007019
1004,82.290001,82.629997,81.470001,82.139999,1335002,61.425789
1005,82.690002,82.889999,81.779999,82.110001,964346,61.403351
1006,82.139999,82.32,80.739998,81.050003,1213791,60.610668
1007,80.919998,81.379997,80.510002,80.580002,1174657,60.259193
1008,80.440002,80.769997,79.330002,79.779999,1856537,59.660931
1009,80.050003,80.300003,79.669998,79.790001,1081941,59.668415
1010,79.690002,81.230003,79.349998,80.919998,1543978,60.513451
1011,80.769997,81,80.410004,80.440002,947912,60.154499
1012,81.089996,82.139999,80.809998,82.139999,1730612,61.425789
1013,82.839996,83.599998,82.610001,83.389999,1735613,62.360558
1014,83.870003,84.349998,83.459999,83.989998,2760556,62.80925
1015,84.699997,84.949997,84.349998,84.550003,820037,63.228024
1016,85.120003,85.690002,85.010002,85.419998,805858,63.878628
1017,85.610001,85.730003,85.220001,85.220001,483820,63.729065
